Base,Gender,Margin_2024,Margin_2025,Sales_2024,Sales_2025,Units_2024,Units_2025,Layer,Bucket,Sales_Wholesale_2025,Sales_DTC_2025,Sells_in_WS,Sells_in_DTC,Growth%,GM%_2025,Tier,SpecialAcct_Sales_2025,SpecialAcctExposure%,cross_channel,BlockedBy,WS_share,DistanceTo2M,ChannelLever,Wave
Rosson Mid Hood,Men,837527.261545242,937654.0409214692,1601321.56777041,1740147.4267454,3127.0,3013.0,Mid layer,Continuing,1375773.8830009,364373.5437445,True,True,0.0866945539041752,0.5388359782108604,Workhorse,223187.47,0.1136777380007738,True,Scale<2M,0.7906076587855615,259852.57325459996,Wholesale distribution,Wave 1 (<500K to go)
L.I.M Fuse Pant,Women,910155.3581864224,837130.133883301,1571256.7831404814,1677696.766667246,3286.0,3826.0,Legwear,Continuing,963773.47083,708212.965837246,True,True,0.0677419405082995,0.4989758283591764,Workhorse,346086.58,0.171009698528221,True,Scale<2M,0.5744622568144668,322303.2333327541,Both channels,Wave 1 (<500K to go)
Mossa Pile Jacket,Men,806672.3791778431,917966.46891753,1479383.1964066145,1602779.64433193,2271.0,2404.0,Mid layer,Continuing,937147.925679,665631.7186529301,True,True,0.0834107405201318,0.572734044984803,Workhorse,365144.19,0.1855479280395824,True,Scale<2M,0.584701664382331,397220.35566807,Both channels,Wave 1 (<500K to go)
Rosson Mid Hood,Women,812243.0067679817,838020.20435098,1452101.1394569976,1534859.44617768,2794.0,2691.0,Mid layer,Continuing,1251538.077938,282439.04823968,True,True,0.0569921092077851,0.5459914954675062,Workhorse,165477.01,0.0973201564894919,True,Scale<2M,0.8154089164677285,465140.55382232,Wholesale distribution,Wave 1 (<500K to go)
Lite Standard Zip-Off Pant,Men,509738.6507363577,561524.7121142799,907740.513735558,1004462.11211428,1562.0,1745.0,Legwear,Continuing,763172.893621,238808.73849328,True,True,0.1065520343260768,0.5590302564347931,Workhorse,200484.82,0.1663847715253451,True,Scale<2M,0.7597826582175476,995537.88788572,Wholesale distribution,Wave 2 (500K-1.3M)
Lite Standard Zip-Off Pant,Women,462973.3192929496,538446.4811396,850365.14740807,957247.5211396,1536.0,1710.0,Legwear,Continuing,817423.97889,137203.9422496,True,True,0.1256899745448287,0.5624945160459452,Workhorse,61486.380000000005,0.0603556826087937,True,Scale<2M,0.8539316747635549,1042752.4788604,Wholesale distribution,Wave 2 (500K-1.3M)
L.I.M Shield Hood,Men,373541.5216252184,474275.45284577296,783155.1701438767,920927.65653025,1361.0,1435.0,Shell,Continuing,450084.2,470843.45653025,True,True,0.1759197814668867,0.5149975130866257,Workhorse,90081.95,0.0891009832331446,True,Scale<2M,0.4887291600034774,1079072.34346975,Both channels,Wave 2 (500K-1.3M)
Gran 3-in-1 Proof Jacket,Men,298674.23,427642.4898558001,557335.23,915157.4440064,503.0,904.0,Shell,Continuing,714704.8,200452.6440064,True,True,0.642023318723993,0.4672884350737024,Workhorse,275420.09,0.2313331825380467,True,Scale<2M,0.7809637616792439,1084842.5559936,Wholesale distribution,Wave 2 (500K-1.3M)
Mora Mid,Men,380454.0327961807,473008.43723686994,713773.1493704058,872457.0073046099,1182.0,1459.0,Mid layer,Continuing,339634.59,532822.4173046099,True,True,0.2223169337123054,0.5421567289581338,Workhorse,308891.08,0.2614733822482185,True,Scale<2M,0.3892851878733549,1127542.9926953902,DTC content/marketing,Wave 2 (500K-1.3M)
L.I.M Proof Pant,Men,334800.5421481511,408286.15832582,654437.374728151,853656.4907534199,1052.0,1465.0,Shell,Continuing,386098.02,467558.47075342,True,True,0.3044128036055753,0.4782792173998172,Workhorse,75912.36,0.0816640531128734,True,Scale<2M,0.452287335927403,1146343.50924658,Both channels,Wave 2 (500K-1.3M)
Jarve Multi 22,Unisex,346411.17989633704,436879.30243984,606651.0901617238,846742.55796496,915.0,1420.0,Daypacks,Continuing,728175.64,118566.91796496,True,True,0.3957653282041107,0.5159529284672131,Workhorse,146841.51,0.1477897187912422,True,Scale<2M,0.8599728844975966,1153257.44203504,Wholesale distribution,Wave 2 (500K-1.3M)
Mimic Alert Vest,Men,390855.2779751014,525848.15582894,612751.2972342712,806743.38336054,868.0,1044.0,Insulation,Continuing,587744.4139876,218998.96937294,True,True,0.3165918815706734,0.6518158892589693,Workhorse,69694.2,0.0795198669285384,True,Scale<2M,0.7285394911320052,1193256.61663946,Wholesale distribution,Wave 2 (500K-1.3M)
Porfyr Proof Jacket,Men,143689.32911403544,391730.083989548,298127.91593888873,771606.43224428,331.0,889.0,Shell,Continuing,252718.0674,520372.75484428,True,True,1.588172361565921,0.5076812058838976,Workhorse,144602.57,0.1578270565403657,True,Scale<2M,0.327521981206078,1228393.56775572,DTC content/marketing,Wave 2 (500K-1.3M)
Finch Proof Jacket,Women,348784.5380133255,420523.86188675,639890.0207110139,766325.5726756001,744.0,859.0,Shell,Continuing,230448.449005,528095.2436706,True,True,0.1975895042465223,0.5487535283711139,Workhorse,497231.6596,0.3935173230772554,True,Scale<2M,0.3007187248109142,1233674.4273243998,DTC content/marketing,Wave 2 (500K-1.3M)
ROC Flash Down Vest,Women,211003.46449527424,421145.3018255,367441.7282760476,736154.9641502,479.0,844.0,Insulation,Continuing,609686.6733029999,124531.4108472,True,True,1.0034604333157002,0.5720878379345852,Workhorse,87946.45000000001,0.1067179942782757,True,Scale<2M,0.8282042545305769,1263845.0358498,Wholesale distribution,Wave 2 (500K-1.3M)
Aria Proof Jacket,Women,306578.328229559,377791.61253328,530664.7023429009,732331.8740534801,618.0,978.0,Shell,Continuing,246985.24,482137.6240534801,True,True,0.3800274840595434,0.5158748730165076,Workhorse,54322.33,0.0690549033108668,True,Scale<2M,0.3372586237888689,1267668.12594652,DTC content/marketing,Wave 2 (500K-1.3M)
Mora Mid,Women,372065.5739617199,406439.87345448,648467.4139110219,731164.3616574398,1073.0,1271.0,Mid layer,Continuing,292427.825125,438711.5565324399,True,True,0.1275267592054596,0.5558803119631567,Workhorse,119016.06,0.1399891799060443,True,Scale<2M,0.3999481381479124,1268835.6383425605,DTC content/marketing,Wave 2 (500K-1.3M)
L.I.M Touring Pro 40,Unisex,153581.27094787438,324606.72425330005,314329.42351903534,688185.6674134,283.0,591.0,Mountain packs,Continuing,476816.89,211368.7774134,True,True,1.1893771817760626,0.4716848077835738,Workhorse,76891.42,0.1005015328062656,True,Scale<2M,0.6928608260502632,1311814.3325866,Wholesale distribution,"Wave 3 (>1.3M, longer runway)"
Reed GTX Parka,Women,143494.93590367096,278173.86042477994,257857.7273029827,546431.17537982,129.0,308.0,Shell,Continuing,128110.58,418320.59537982,True,True,1.1191188687464215,0.5090739199340584,Workhorse,181907.23,0.2497564712451727,True,Scale<2M,0.2344496173940869,1453568.8246201798,DTC content/marketing,"Wave 3 (>1.3M, longer runway)"
L.I.M Alpha Vest,Men,233895.265475335,264003.99654225004,444473.9830039856,475157.2376440601,487.0,486.0,Insulation,Continuing,162445.05,312712.18764406,True,True,0.0690327349031796,0.555613964445208,Workhorse,279980.0699999999,0.3707671004542272,True,Scale<2M,0.3418764087556369,1524842.76235594,DTC content/marketing,"Wave 3 (>1.3M, longer runway)"
L.I.M Mimic 3/4 Pant,Men,189912.3481069788,237455.752092,402673.90680596913,470006.4829653,433.0,517.0,Insulation,Continuing,235493.44406,232084.2189053,True,True,0.1672136560658137,0.5052180357042673,Workhorse,0.0,0.0,True,Scale<2M,0.5010429698208785,1529993.5170347,Both channels,"Wave 3 (>1.3M, longer runway)"
L.I.M Airak 38,Unisex,115045.36240193146,198639.95018725,234490.8330123139,397519.44942623,233.0,405.0,Hiking packs,Continuing,123682.82,273836.62942623,True,True,0.69524515871098,0.4996986951807317,Workhorse,74496.0,0.1578253425614679,True,Scale<2M,0.3111365247122394,1602480.55057377,DTC content/marketing,"Wave 3 (>1.3M, longer runway)"
L.I.M Mimic 3/4 Pant,Women,130643.77842991518,171548.08208,239441.2104138877,336361.1438002,244.0,385.0,Insulation,Continuing,155052.85348,181308.2903202,True,True,0.4047754904796072,0.5100115909401839,Workhorse,48629.35000000001,0.1263131188512861,True,Scale<2M,0.4609713587253766,1663638.8561998,Both channels,"Wave 3 (>1.3M, longer runway)"
Furudal Mimic Parka,Women,220234.93918725103,202468.2064335,328316.459187251,333568.1312943,144.0,167.0,Insulation,Continuing,109824.55000000002,223743.5812943,True,True,0.0159957625031945,0.606977068366482,Workhorse,0.0,0.0,True,Scale<2M,0.3292417341364789,1666431.8687057,DTC content/marketing,"Wave 3 (>1.3M, longer runway)"
Mimic Alert Vest,Women,184467.7433018585,180507.0715838,288818.01377385855,293438.8162964,438.0,410.0,Insulation,Continuing,235353.906878,58084.9094184,True,True,0.0159990108032508,0.61514381042715,Workhorse,69029.54,0.1904429415724023,True,Scale<2M,0.8020544447680401,1706561.1837036,Wholesale distribution,"Wave 3 (>1.3M, longer runway)"
Curious Hemp Shirt,Men,142252.43564464862,162225.77777672,231144.8412622913,281426.1773402,425.0,571.0,Tops,Continuing,123012.0844492,158444.13289100002,True,True,0.2175317251439412,0.5764416775651063,Workhorse,12599.38,0.0428513089609485,True,Scale<2M,0.4371024956235601,1718573.8226598,Both channels,"Wave 3 (>1.3M, longer runway)"
Haglöfs Ridge Low,Men,148464.80179814904,165651.1715145,259075.2301480145,270746.6713089,317.0,305.0,Casual shoes,Continuing,100358.67,170388.00130889998,True,True,0.04505039387292,0.6118308702141178,Workhorse,0.0,0.0,True,Scale<2M,0.3706736984607242,1729253.3286911,DTC content/marketing,"Wave 3 (>1.3M, longer runway)"
Mirth Polo,Men,123612.91,144847.7080172,212424.89,266048.9080172,750.0,997.0,Tops,Continuing,211149.79954,54214.5884772,True,True,0.252437546359092,0.5444401523641497,Workhorse,13120.84,0.0469995051154024,True,Scale<2M,0.7936503145743008,1733951.0919828,Wholesale distribution,"Wave 3 (>1.3M, longer runway)"
Tarius Lite +8,Unisex,68869.730712,126164.6422664,129564.460712,240912.8622664,276.0,488.0,Sleepingbags,Continuing,186348.6356,54564.2266664,True,True,0.8594054337316213,0.5236940903839659,Workhorse,13502.71,0.0530734415339216,True,Scale<2M,0.7735105292715205,1759087.1377336,Wholesale distribution,"Wave 3 (>1.3M, longer runway)"
ROC Spitz Pant,Men,84409.61397374672,112599.0112949,132425.16199309926,199619.9504016,160.0,305.0,Legwear,Continuing,141201.909002,59633.72139959999,True,True,0.5074170754044633,0.5640669235132597,Workhorse,136917.56,0.4068418995452016,True,Scale<2M,0.7073536924436998,1800380.0495984,Wholesale distribution,"Wave 3 (>1.3M, longer runway)"
Latnja Wool Long John's,Men,78120.52120894656,104505.077804,145929.3703392522,198820.5462961,340.0,442.0,Base layer,Continuing,104994.768315,93825.7779811,True,True,0.3624436659590047,0.5256251416207377,Workhorse,94463.25,0.3220881998698274,True,Scale<2M,0.5280881190147879,1801179.4537039,Both channels,"Wave 3 (>1.3M, longer runway)"
